{"cameraMode":{"drawMode":0,"name":"Shaded","section":"Shading Mode"},"sceneLighting":true,"audioPlay":false,"sceneViewState":{"m_AlwaysRefresh":false,"showFog":true,"showSkybox":true,"showFlares":true,"showImageEffects":true,"showParticleSystems":true,"showVisualEffectGraphs":true,"m_FxEnabled":true},"in2DMode":false,"pivot":{"x":-6.590000152587891,"y":-2.8999996185302736,"z":12.799999237060547},"rotation":{"x":0.25627729296684267,"y":0.22927984595298768,"z":-0.06271550804376602,"w":0.9369231462478638},"size":46.8038330078125,"orthographic":true}