{"cameraMode":{"drawMode":0,"name":"Shaded","section":"Shading Mode"},"sceneLighting":true,"audioPlay":false,"sceneViewState":{"m_AlwaysRefresh":false,"showFog":true,"showSkybox":true,"showFlares":true,"showImageEffects":true,"showParticleSystems":true,"showVisualEffectGraphs":true,"m_FxEnabled":true},"in2DMode":false,"pivot":{"x":5.90000057220459,"y":-0.7199993133544922,"z":-0.7000007629394531},"rotation":{"x":0.20177561044692994,"y":0.5498348474502564,"z":-0.13893266022205354,"w":0.7985399961471558},"size":21.818355560302736,"orthographic":true}