{"cameraMode":{"drawMode":0,"name":"Shaded","section":"Shading Mode"},"sceneLighting":true,"audioPlay":false,"sceneViewState":{"m_AlwaysRefresh":false,"showFog":true,"showSkybox":true,"showFlares":true,"showImageEffects":true,"showParticleSystems":true,"showVisualEffectGraphs":true,"m_FxEnabled":true},"in2DMode":false,"pivot":{"x":160.8020477294922,"y":72.61273956298828,"z":101.36682891845703},"rotation":{"x":0.2576824128627777,"y":0.22918550670146943,"z":-0.06305936723947525,"w":0.9365376830101013},"size":165.68179321289063,"orthographic":true}