{"cameraMode":{"drawMode":0,"name":"Shaded","section":"Shading Mode"},"sceneLighting":true,"audioPlay":false,"sceneViewState":{"m_AlwaysRefresh":false,"showFog":true,"showSkybox":true,"showFlares":true,"showImageEffects":true,"showParticleSystems":true,"showVisualEffectGraphs":true,"m_FxEnabled":true},"in2DMode":false,"pivot":{"x":27.262134552001954,"y":-1.1936233043670655,"z":-29.536964416503908},"rotation":{"x":0.23762701451778413,"y":0.3766748309135437,"z":-0.10060735046863556,"w":0.8896814584732056},"size":75.96309661865235,"orthographic":true}