{"cameraMode":{"drawMode":0,"name":"Shaded","section":"Shading Mode"},"sceneLighting":true,"audioPlay":false,"sceneViewState":{"m_AlwaysRefresh":false,"showFog":true,"showSkybox":true,"showFlares":true,"showImageEffects":true,"showParticleSystems":true,"showVisualEffectGraphs":true,"m_FxEnabled":true},"in2DMode":false,"pivot":{"x":26.802230834960939,"y":-1.197357177734375,"z":-30.158489227294923},"rotation":{"x":0.23762701451778413,"y":0.3766748309135437,"z":-0.10060735046863556,"w":0.8896814584732056},"size":65.38238525390625,"orthographic":true}